user_id,age,gender,netflix_hours,social_media_hours,music_hours,gaming_hours,subscription_type,device_type,daily_screen_time
U1,27,Female,2.3,6.5,4.2,3.6,Free,Laptop,10.1
U2,30,Male,4,1.9,1.2,1.4,Free,TV,5.6
U3,36,Female,2,1.2,3.9,2.5,Free,Mobile,6
U4,15,Male,5.7,5.2,3.5,0.7,Free,Laptop,8.7
U5,18,Female,4.5,1.8,4.5,3.2,Premium,Laptop,12.1
U6,18,Female,2.3,1.6,4.9,3.5,Free,Mobile,8.3
U7,22,Male,4.9,2.6,1.1,1.3,Premium,TV,11.1
U8,24,Female,1.1,5.8,0.9,2.6,Premium,TV,8.8
U9,34,Female,2.7,4,4.1,3.5,Free,Mobile,9.7
U10,36,Female,1.7,0.8,1.2,0.1,Premium,Laptop,12.3
U11,33,Female,4.3,3.5,1.4,3.4,Premium,TV,7.3
U12,19,Female,1.1,4.9,4.5,2.3,Premium,Mobile,10.4
U13,38,Female,2.7,4,4.7,1.7,Free,TV,12
U14,21,Male,2,4.2,1.9,2.1,Premium,Mobile,9.8
U15,39,Male,3.3,2,4.3,3.3,Free,TV,2.7
U16,39,Female,2.4,6,4.4,2.9,Premium,Laptop,7.8
U17,27,Female,4.4,4.1,3.2,2,Free,Mobile,9.1
U18,16,Male,0.6,5.1,3,2,Free,Mobile,5.5
U19,21,Male,4,6.9,3.1,3.6,Free,Mobile,9.3
U20,22,Male,1.8,3.3,1.9,0.9,Free,Mobile,12.8
U21,38,Male,2,6.2,3.3,0.4,Free,TV,9.3
U22,29,Female,4.9,0.5,1.6,2.7,Premium,Mobile,2.2
U23,39,Female,5.8,0.7,1.3,2.8,Free,Laptop,8.2
U24,32,Male,2.2,4.3,2.4,2.3,Premium,TV,5.4
U25,20,Male,5,2.5,3.7,1.1,Free,TV,8.4
U26,28,Male,1.1,2.1,3.3,1.2,Free,Mobile,10.7
U27,23,Male,4,2.3,4.8,2.5,Premium,Laptop,3.4
U28,24,Female,4.6,2.6,3.4,1.1,Free,Laptop,2.4
U29,35,Male,1.4,5.2,1.1,2,Premium,TV,14
U30,34,Male,2.8,4.2,1.2,1.3,Premium,Mobile,4.1
U31,31,Male,5.4,5.6,0.9,2,Free,TV,12.4
U32,34,Female,1.1,5.9,1.4,0.9,Free,Mobile,5.3
U33,20,Female,0.6,6,3.2,0.8,Premium,Laptop,8.9
U34,30,Female,3.7,3.2,4.3,2.9,Premium,Mobile,6.1
U35,30,Male,2.9,3.2,4.5,1.5,Free,Mobile,4.3
U36,15,Female,4.9,6.5,2.3,0.9,Premium,Mobile,7.6
U37,33,Female,5.6,4.8,3,3.4,Premium,TV,11.5
U38,18,Male,2.1,1,4.1,1.6,Free,TV,11.2
U39,39,Female,2.6,4,1.9,0.5,Free,TV,10.7
U40,32,Male,3.2,2.8,3.2,2.8,Premium,TV,12.6
U41,34,Female,3.7,6.9,1.3,1.1,Free,TV,4.9
U42,34,Female,5.9,0.6,2.6,2.3,Premium,Laptop,6.6
U43,34,Male,4.3,4.5,1.3,2.5,Free,Laptop,4.3
U44,29,Male,2.6,5.2,2.6,3.9,Premium,Mobile,5.9
U45,22,Female,2,2.4,2.3,0.8,Premium,Laptop,4.7
U46,15,Female,5.7,6.8,2.4,1.1,Premium,TV,2.5
U47,16,Male,1.2,6.1,1.6,3.7,Free,Mobile,13.1
U48,24,Female,4.5,6.5,1.1,2.9,Free,Laptop,11.3
U49,15,Male,5.6,0.6,1.7,1.8,Premium,Mobile,5.7
U50,25,Male,4.2,4.2,1.6,2.9,Free,TV,9.8
U51,35,Male,2.8,2.4,3.8,1.7,Free,TV,2
U52,38,Female,1.6,6,3.7,1.6,Free,Laptop,11.1
U53,18,Female,2.5,4.6,3.1,0.6,Premium,TV,8.4
U54,26,Female,4.4,4,0.9,2.1,Premium,Mobile,3.6
U55,33,Female,4.1,1.2,3,1.1,Premium,Mobile,6.6
U56,38,Female,5.6,4,0.9,2.5,Premium,Mobile,3.3
U57,17,Male,5.3,4.6,0.6,1.6,Free,Laptop,8.5
U58,15,Female,5,6.7,2.1,3.4,Free,Mobile,5.4
U59,15,Male,5.5,4.3,1.6,3.1,Premium,Mobile,10.2
U60,19,Male,2,6.8,3.2,0.6,Premium,TV,13.1
U61,36,Female,2.5,6.8,4.7,2.4,Premium,Laptop,2.5
U62,20,Male,2.6,4.7,3.7,2.9,Free,Laptop,6
U63,21,Female,3.6,3.8,4,2.1,Free,Laptop,7.6
U64,23,Male,4.2,3.5,4.8,0.5,Premium,Laptop,10.7
U65,35,Male,2.1,6.3,3.4,2,Premium,TV,4.2
U66,32,Male,0.6,0.7,3.1,1.7,Premium,Laptop,4.5
U67,30,Female,2.7,1.2,3.2,1.3,Free,Laptop,3.8
U68,19,Female,2.2,1.2,4.4,2.3,Free,Mobile,4.3
U69,24,Female,5.7,5.4,2.2,1.3,Free,Laptop,5.3
U70,25,Female,5.4,2.7,4.1,0.9,Free,Laptop,13.9
U71,39,Male,5.2,4.6,3.4,2.9,Premium,TV,2.5
U72,16,Female,4.1,4.4,1.9,0.9,Free,Laptop,5.2
U73,16,Female,2.4,3,0.6,3.2,Premium,Laptop,7.1
U74,22,Male,3.5,4,1.4,3.9,Premium,TV,13.2
U75,24,Male,5,4.7,3.6,1.8,Premium,TV,5.3
U76,18,Female,1,6.6,3.1,3.2,Free,Laptop,6.2
U77,21,Male,4.9,4.2,1.7,0.7,Premium,TV,8.1
U78,38,Female,0.7,4.5,2.5,3.2,Free,Laptop,2.8
U79,26,Male,5,0.9,3.5,3.8,Premium,Mobile,3.1
U80,29,Female,4.9,6.7,1.1,2.1,Premium,TV,4.2
U81,33,Male,0.8,3.9,2.4,1,Premium,TV,5.1
U82,15,Female,3.9,5.7,2.4,0.6,Free,TV,8.2
U83,29,Male,3.3,0.8,2.9,3.7,Free,Laptop,8.4
U84,18,Female,1.4,3.2,2.8,1.3,Free,Mobile,11.2
U85,36,Female,1.3,2.2,2.2,2,Premium,Mobile,7.4
U86,27,Female,4.8,2.2,3.9,1.7,Free,Laptop,10.5
U87,25,Female,3.6,5.6,0.8,1.7,Premium,TV,10.5
U88,35,Female,5.9,4.6,0.7,3.1,Free,Mobile,13.5
U89,26,Female,5.9,3.4,2.4,3.7,Premium,Mobile,6
U90,19,Male,6,0.6,4.5,2.5,Premium,Laptop,6.3
U91,21,Female,1.2,6.8,1.7,3.8,Free,TV,10.3
U92,19,Male,5.7,6.8,1.3,0.8,Free,TV,6.5
U93,30,Female,1.8,1.9,4.7,2.3,Premium,Mobile,11.9
U94,35,Male,3,0.8,1.3,2.7,Premium,TV,3.1
U95,18,Female,4.7,3.9,2.2,2.9,Free,Laptop,10.3
U96,27,Male,1.6,6.7,3.8,3,Premium,Laptop,3.9
U97,19,Female,3.6,6.4,1.7,1.3,Free,Mobile,8.6
U98,35,Male,1.5,4.3,1.5,3.5,Premium,Laptop,8.1
U99,23,Female,1.1,2.5,2.3,0.5,Free,Mobile,10.1
U100,29,Male,1.1,2.6,4,1.1,Premium,TV,8.7
U101,30,Male,2.5,6.3,4.6,1.9,Free,Mobile,8.5
U102,35,Male,0.5,3.7,0.6,2.4,Premium,Laptop,8.1
U103,18,Female,2.8,1.4,1.2,1.2,Free,Mobile,11.3
U104,38,Male,4.2,2.1,4.8,3.6,Free,TV,5.2
U105,30,Female,2.7,2.3,3.2,1.8,Free,Laptop,3.9
U106,28,Female,1,1.3,3,0.4,Premium,TV,2.2
U107,36,Female,0.8,3.5,4.2,3.3,Free,Mobile,3.6
U108,36,Female,2,6.5,0.7,3.9,Free,Mobile,9.7
U109,31,Male,1.4,4.8,0.6,1.4,Free,Laptop,10.7
U110,32,Female,5.8,1,4.9,2.2,Premium,TV,9.6
U111,20,Male,1.3,0.5,4.2,2.3,Free,TV,2.8
U112,24,Female,4.9,2.3,3.9,3.2,Free,Mobile,11.3
U113,18,Male,3.7,2.9,1.2,0.6,Free,Laptop,8.2
U114,15,Female,3.6,5.5,2.6,3.4,Free,TV,4.9
U115,20,Female,3.3,6.8,4.7,2.9,Premium,Mobile,9
U116,15,Male,5.8,3,4.7,0.1,Free,Mobile,7
U117,32,Female,2.5,5,0.5,2.3,Free,Mobile,10.4
U118,33,Female,4.8,7,3.9,0.1,Premium,TV,7.9
U119,19,Female,3.6,5.3,0.5,2,Free,TV,2.4
U120,17,Female,2.7,4.6,4.9,2.4,Free,Mobile,9.7
U121,31,Female,5.8,1,2.4,2.5,Free,Mobile,10.5
U122,18,Female,3.8,2.6,4.9,3.7,Premium,TV,9.8
U123,17,Female,1.2,6.4,2.2,1.2,Premium,Laptop,13
U124,25,Female,2.8,1.8,1.8,3.4,Premium,Laptop,6
U125,28,Male,4.8,6,1.9,1.8,Premium,TV,4.7
U126,31,Female,4.3,5,3.8,2.7,Free,TV,8.1
U127,22,Male,5.5,2.9,1.4,3.2,Premium,Mobile,11.7
U128,36,Female,1.9,3.9,4.4,2.9,Free,Laptop,10.2
U129,24,Male,4.7,4,3.2,3.2,Free,Mobile,7.1
U130,15,Male,3,5.1,4.9,2.5,Free,TV,4
U131,25,Male,3.7,3.9,4.9,3.2,Premium,Mobile,4
U132,33,Female,5.8,1.4,1.3,3.6,Free,Laptop,7.2
U133,26,Female,5.9,5.5,4.8,3.6,Premium,Mobile,12.8
U134,38,Male,5.2,3.1,0.7,1.3,Free,Mobile,7.1
U135,17,Female,2.5,6.8,0.6,3.9,Free,Mobile,13.2
U136,17,Female,5.4,2.3,4.7,0.2,Free,TV,7.6
U137,18,Male,4,2.2,4.8,2.5,Premium,Laptop,2.4
U138,18,Female,2.9,2.7,1.2,2,Free,Laptop,5.1
U139,33,Male,0.7,4.2,2.5,0.9,Free,Mobile,2.1
U140,29,Male,4.7,6.3,2.7,2.1,Premium,Laptop,4.4
U141,18,Female,3.3,1.6,4.4,0.3,Free,TV,7.5
U142,35,Male,4.8,2.3,3.3,2.2,Free,Mobile,7.7
U143,32,Female,4.6,4.3,4,3.4,Free,TV,13.9
U144,33,Female,4.9,3.5,2.7,0.6,Premium,Mobile,3.7
U145,29,Female,2.2,3.4,3.4,1.3,Free,Mobile,9
U146,24,Female,4.9,5.8,3.8,2.5,Free,TV,3.3
U147,16,Male,3.5,6.5,3.8,1.4,Free,Mobile,6.2
U148,19,Female,3.1,3.6,0.5,1.7,Premium,TV,9.9
U149,25,Female,4.2,5,0.9,1.4,Free,Mobile,8.8
U150,37,Female,0.6,5.7,2.1,1.9,Premium,TV,6
U151,26,Male,1.1,3.9,0.8,1.5,Free,Laptop,10.1
U152,23,Male,2.1,2.4,2.2,0.6,Free,Laptop,10.2
U153,26,Female,5.9,4.6,2.3,0.8,Free,Mobile,4.6
U154,17,Female,1.3,4.3,4.6,0.3,Premium,Laptop,6.7
U155,34,Female,2.3,6.4,3.1,1.9,Premium,TV,6.9
U156,31,Female,0.8,0.8,3.7,3.4,Free,TV,12.6
U157,15,Female,2.3,6.4,4.5,0.4,Premium,TV,9.8
U158,37,Male,2.3,4,2.5,2.6,Free,TV,10.4
U159,15,Female,5.7,0.6,0.5,1.7,Premium,Mobile,4.1
U160,21,Male,5.1,2.7,1.8,3.5,Premium,TV,13.8
U161,34,Male,2.6,5.2,4.2,1.5,Free,Mobile,5.7
U162,29,Female,0.6,3.7,4.6,2.8,Free,Laptop,8.1
U163,25,Male,5.1,6.9,2.1,1.6,Premium,Laptop,3.3
U164,34,Female,4.1,3.2,1.8,2.2,Free,Laptop,5
U165,39,Male,1.3,2.6,4.7,3.1,Free,Laptop,4
U166,23,Male,6,5.8,2.1,3.9,Premium,TV,11.4
U167,28,Female,1.1,4.1,3.4,0.5,Free,TV,13.1
U168,39,Male,5.3,4.9,1.8,2.1,Free,Mobile,10.1
U169,17,Female,2.1,5.7,0.9,0.5,Free,TV,11.5
U170,18,Female,2.9,4.9,2.8,0.1,Premium,Laptop,4
U171,17,Female,4.9,3.2,4.7,3,Free,Mobile,7.3
U172,26,Female,4.2,1.3,3.3,3.9,Premium,Laptop,3.2
U173,28,Female,5.7,4.3,1.4,2.4,Free,TV,13.1
U174,31,Female,3.9,6.3,3.6,0.3,Premium,Mobile,10.2
U175,23,Male,1,3.2,4,0.2,Premium,Mobile,3.2
U176,23,Male,5.4,6.4,1.9,1.3,Free,TV,10.9
U177,34,Female,4.7,3.8,3,1.5,Premium,Mobile,5.6
U178,23,Male,4.4,4.5,3.6,0,Free,Mobile,13
U179,17,Male,0.8,5.9,1.2,3.4,Free,Mobile,2.8
U180,39,Female,2.7,4.2,4.8,1.9,Free,TV,5.7
U181,35,Male,1.4,1.1,2.5,4,Premium,TV,12.2
U182,18,Female,5,6.9,4.9,3.5,Premium,Laptop,3.2
U183,27,Female,4.4,2.1,1.4,2,Free,Mobile,5.3
U184,29,Male,5.4,5.1,2.7,2.5,Free,Mobile,4.1
U185,15,Female,5.8,3.8,1.2,1.3,Free,Mobile,12.7
U186,19,Female,4.8,3.6,0.5,1.2,Free,Laptop,7.8
U187,18,Female,6,2.1,1.6,0.5,Premium,Laptop,12.3
U188,28,Female,3.9,5.2,2.3,2.2,Free,Laptop,5.9
U189,26,Male,0.7,1.2,2.4,0.3,Premium,Laptop,10
U190,37,Female,0.6,6.9,4.5,1.8,Free,Laptop,3.2
U191,28,Male,2.4,6,3.4,1.3,Free,Mobile,7.2
U192,28,Female,5,4,2.5,3.2,Free,Laptop,5.1
U193,26,Male,5.3,3.3,4.9,1.5,Premium,Mobile,5.3
U194,39,Male,5.8,2.4,3.3,3.6,Free,Laptop,3.4
U195,31,Female,0.9,3.8,2,0.8,Free,Laptop,6.7
U196,39,Male,0.7,6.2,3.6,3.7,Premium,TV,4.1
U197,36,Female,5.5,2.3,2.7,2.4,Premium,TV,10.2
U198,29,Female,2.2,3.8,4.5,0.5,Free,Mobile,8.2
U199,31,Male,3.6,2,4.5,2,Premium,Mobile,7.5
U200,37,Male,5.9,2.7,2.2,1.1,Free,TV,12.5
U201,36,Male,2.7,1.7,3,3,Premium,Mobile,4.2
U202,34,Male,4.2,6.9,1.7,2.6,Free,Mobile,10.4
U203,16,Female,2.7,4.2,3.3,0.3,Free,Laptop,4.2
U204,23,Male,4.7,5.3,5,1.7,Free,TV,9.5
U205,15,Female,3.4,1.1,4.2,3.5,Premium,Laptop,2.5
U206,19,Male,1.8,2.9,2.1,1.6,Free,Laptop,2.4
U207,21,Male,2,6.3,0.9,3,Premium,TV,7
U208,36,Female,1.9,1,4.9,0.5,Free,TV,13.9
U209,28,Male,3.4,1.6,2.3,3.5,Free,Laptop,3.8
U210,22,Female,4.4,4.6,1.8,2,Free,Mobile,11
U211,39,Male,5.7,4.5,1.9,3.8,Premium,Mobile,8.9
U212,39,Male,4.3,5.9,2.7,2.1,Free,TV,5.4
U213,30,Female,4.8,6.6,4.8,3.1,Premium,Laptop,11.2
U214,24,Female,1.4,1.4,4.9,3.9,Premium,TV,5.5
U215,33,Female,2.6,2.2,1.8,2.9,Premium,TV,4
U216,23,Female,2.8,3.3,2.1,2.3,Premium,Mobile,4.3
U217,37,Female,4.3,0.5,2.8,1.5,Premium,Laptop,4.3
U218,30,Female,2.1,1,0.5,0.2,Free,Laptop,11.1
U219,26,Female,2.2,2,1.3,1.7,Free,Laptop,8.3
U220,21,Male,2.5,3.6,4.7,1.6,Premium,Mobile,9.8
U221,30,Female,5,2.1,0.6,3.3,Free,Laptop,12.7
U222,16,Male,3.7,6.2,1,0.8,Free,TV,4
U223,37,Male,0.9,2.6,2.4,3,Premium,Mobile,7.1
U224,27,Female,0.9,6.5,3.8,0.2,Premium,TV,10.2
U225,39,Male,2.5,6.8,1.7,3.5,Premium,TV,6.2
U226,39,Male,4.7,3.4,1.9,2.7,Premium,Laptop,9.9
U227,18,Female,4.3,2,1.9,1.7,Premium,Mobile,6.3
U228,33,Male,4.4,2.4,4.4,1.1,Premium,TV,4.1
U229,30,Female,4.7,5.5,1.5,0.7,Premium,Laptop,8.4
U230,18,Male,2.1,2.3,3,2.3,Premium,TV,2.2
U231,25,Male,3.5,3,5,1.6,Free,TV,6.6
U232,27,Female,3.5,3.6,3.8,3,Free,Laptop,10.2
U233,21,Male,4.6,4.2,2,3.6,Free,TV,5.2
U234,18,Male,5.8,7,3.9,1.2,Premium,Mobile,10.7
U235,37,Female,2,2,4.8,2.6,Free,Laptop,7.9
U236,20,Female,4.9,2.8,2.2,1.7,Free,Mobile,5.5
U237,38,Male,4.1,2.2,3.7,0.2,Premium,Mobile,7.2
U238,26,Male,3.7,2.8,0.8,2.5,Free,Mobile,2.8
U239,15,Female,4.8,1.2,4.5,1.5,Premium,TV,7.8
U240,26,Male,5.7,2.8,0.9,0.1,Premium,Laptop,6.9
U241,23,Female,0.7,6.3,2.2,1.9,Premium,TV,7.5
U242,35,Female,1.3,2.4,2.9,0.4,Free,Mobile,3.2
U243,25,Male,4.7,2.9,1.7,2.5,Free,Laptop,2.3
U244,37,Female,1,6.6,3.4,2.1,Premium,TV,3.6
U245,26,Female,3.3,5.2,3,2,Premium,TV,5.7
U246,20,Male,1.7,3.9,3.7,3.7,Free,TV,3.3
U247,30,Female,2,5.6,2.1,3.5,Free,TV,11.2
U248,23,Male,4.4,1.3,3,2.9,Premium,Laptop,12.4
U249,17,Male,0.7,3.5,4.2,2.3,Free,Laptop,9
U250,34,Male,5.3,1.3,4.1,1,Free,Laptop,9.5
U251,38,Female,2.9,2,3.7,0,Premium,Laptop,13.5
U252,36,Male,3.3,1.4,2.9,0.5,Premium,TV,8.6
U253,34,Male,3.5,2.9,3.5,1.3,Free,Mobile,12.4
U254,29,Male,4.1,3,0.9,0.8,Free,TV,10.7
U255,35,Male,2.4,6.7,2.6,2.3,Premium,TV,8.7
U256,36,Female,1.1,2.2,4.4,2.1,Premium,Laptop,8.1
U257,18,Female,2.3,3.6,3.2,1.6,Free,TV,2.4
U258,18,Male,1.4,5.8,4.7,3.2,Free,TV,5.6
U259,22,Female,3.6,5.8,1.7,2.9,Free,TV,4.8
U260,24,Female,2.2,5.4,0.9,2.8,Premium,Laptop,5.5
U261,24,Female,5.8,2.4,3.3,2,Free,Laptop,10
U262,24,Male,5.8,3.7,0.9,0.2,Premium,TV,8.2
U263,38,Female,3.9,1.7,4,1.7,Free,Mobile,6.9
U264,18,Female,3.9,1.7,1.7,2,Premium,Laptop,9.8
U265,29,Female,5.9,3.3,2.9,1.8,Free,Laptop,4.2
U266,33,Female,5.4,5.3,4.2,0,Free,Mobile,4.8
U267,27,Female,4.7,3.9,4,2.6,Premium,Mobile,7.8
U268,18,Male,2.2,6.3,2.7,1,Premium,TV,10.5
U269,24,Female,2.5,5.9,4.9,0.2,Free,TV,3.3
U270,25,Female,1.6,0.7,2.7,2,Premium,Laptop,12.2
U271,28,Male,3.2,4.2,1.8,3.7,Premium,Mobile,11.1
U272,22,Male,5.9,4.5,1.9,0.1,Free,TV,9.7
U273,22,Male,5.5,6.8,3.8,0.1,Free,Mobile,7.3
U274,36,Male,1.2,0.7,2.5,2.4,Premium,Mobile,11.8
U275,16,Female,0.6,4,2.4,2.2,Free,Laptop,6.6
U276,27,Female,5.4,1.8,0.6,0.1,Free,TV,4.4
U277,17,Female,3.5,0.8,1.9,0.4,Free,Laptop,4.4
U278,17,Female,1.6,4.3,4.4,3.3,Free,Mobile,13
U279,39,Female,4.2,5.5,4.1,1.8,Free,Laptop,9.1
U280,16,Male,4,5.5,3.9,0.5,Premium,Laptop,4.9
U281,20,Female,1.2,0.7,0.6,0.6,Premium,Mobile,4.8
U282,23,Male,1.9,3.1,0.6,2.4,Free,TV,7.8
U283,19,Male,0.8,0.8,1.9,1.3,Free,Mobile,8.7
U284,15,Male,1.7,2.1,2.6,0.1,Free,Laptop,12.8
U285,26,Female,1.2,1.8,4.6,2.5,Free,Laptop,5.1
U286,17,Female,1.6,1.9,2.2,0.1,Premium,TV,9.9
U287,20,Male,4.3,2.7,1.8,0.4,Premium,Mobile,10.7
U288,36,Male,0.8,2.3,3.1,0.6,Premium,Laptop,12.6
U289,31,Male,1.1,6.8,4.6,0.6,Free,Mobile,12.5
U290,23,Male,1.2,2.8,3.8,3,Premium,TV,8.9
U291,16,Male,2.2,6.3,4.4,0.4,Free,Mobile,5.9
U292,32,Male,2.1,1.7,1.3,0.6,Free,Mobile,5.5
U293,31,Female,1.9,5.5,1.1,1.8,Premium,Laptop,10.3
U294,18,Male,4.6,0.9,2.9,0.6,Premium,Mobile,11.6
U295,39,Male,6,3.5,3.6,3,Free,TV,6.9
U296,23,Male,3.4,0.5,4.8,2,Premium,Laptop,10.7
U297,35,Male,5.7,5.8,2.2,3.5,Premium,TV,3.1
U298,19,Male,2.7,6.7,2.1,0.2,Free,Mobile,3.5
U299,31,Female,1.1,0.7,2.8,3.4,Premium,Mobile,7
U300,18,Male,2.7,6.6,3.6,0.6,Free,Laptop,10.7
U301,22,Female,2.1,5.5,3,3.7,Premium,Mobile,13
U302,18,Male,3.2,2.8,3.8,1.3,Free,Mobile,10.1
U303,33,Male,4.1,6.4,2.2,2,Free,TV,4.2
U304,32,Female,3,2.4,4.4,0.1,Free,Mobile,7
U305,16,Male,5.6,3.2,1.3,2.9,Premium,Laptop,5.3
U306,33,Female,5.4,1.1,1.9,0.9,Free,Laptop,2.8
U307,32,Female,4.4,4.8,4,3.7,Premium,TV,11.9
U308,35,Female,3.2,0.7,2,2.6,Free,TV,6.1
U309,17,Female,1.2,3.7,3.5,1.1,Premium,Mobile,8.2
U310,20,Female,2.7,4.9,1.8,1,Free,Mobile,8.9
U311,20,Female,4.4,5.8,1.3,0.7,Premium,TV,13
U312,27,Male,2.1,1.5,1.9,3.2,Premium,Laptop,3.2
U313,27,Female,1.1,5.4,4.5,1.8,Free,TV,13.7
U314,36,Male,5.5,5.2,2.6,1.1,Free,Laptop,7.4
U315,17,Male,4.4,4.1,1.5,3.8,Premium,Laptop,8.2
U316,30,Female,3.9,4.3,1.9,3.2,Free,TV,13.9
U317,36,Female,4.9,1.1,0.5,2.3,Premium,Laptop,4.1
U318,22,Female,5.1,4.4,3.9,3.2,Premium,Laptop,10.8
U319,22,Male,3.2,3,1.5,0.5,Free,Mobile,10.2
U320,26,Female,5.3,6.1,3.2,2.7,Premium,Mobile,4.7
U321,37,Female,5.5,2.5,0.6,1.3,Premium,Laptop,13.6
U322,32,Male,2,4.2,4.3,2.8,Premium,Mobile,2.4
U323,21,Female,3.8,3.3,1.3,3.8,Free,TV,9.9
U324,22,Male,3.4,6.2,0.5,3.1,Free,Mobile,12.5
U325,33,Female,3.5,2.2,1.9,2.3,Free,Laptop,6.8
U326,26,Male,5.7,1,4.6,3,Free,Mobile,7.3
U327,34,Female,2.2,5.4,1.7,1.9,Free,TV,2.8
U328,32,Male,5.9,3.2,2.8,1.1,Free,Laptop,5.2
U329,24,Female,5.5,4.3,2.3,0.2,Free,Mobile,10.6
U330,29,Female,3,0.7,1.8,2.7,Premium,Laptop,13.8
U331,36,Male,5,6.7,4.7,0.6,Premium,Mobile,6.1
U332,24,Female,4.7,6.2,4.1,1.8,Premium,Laptop,3.8
U333,33,Female,4.2,4.6,3.9,2.7,Free,Mobile,3.1
U334,15,Male,2.3,0.6,2.9,3.6,Free,TV,4.2
U335,24,Male,1.6,3,4.2,2.4,Premium,TV,3.3
U336,26,Female,4.2,6.9,2.6,0.9,Free,TV,12
U337,32,Male,5.1,4.9,2.6,1.9,Premium,TV,6.6
U338,24,Female,0.6,1.5,2.7,2.7,Premium,TV,6.8
U339,15,Female,4,3.5,1.6,0.8,Free,Mobile,12.1
U340,37,Male,2.9,6.8,4.7,2.9,Premium,Mobile,10.9
U341,31,Male,5.4,4,1.7,3.1,Free,Mobile,8.3
U342,25,Female,2.3,0.7,1.4,2.1,Free,Mobile,8
U343,19,Male,3.1,4.5,1.6,3.4,Premium,TV,10.4
U344,39,Female,3.3,2.3,4.2,0.9,Premium,TV,9
U345,35,Male,1.3,1.1,4,2.2,Premium,Laptop,4.3
U346,18,Female,4.4,3.1,2.4,3.6,Premium,Laptop,3.5
U347,34,Female,5.1,4.1,0.6,2.8,Premium,Laptop,6.9
U348,23,Female,0.8,0.6,4.9,3.2,Premium,TV,7.9
U349,39,Female,2.1,4.1,1.1,0.9,Free,Mobile,3
U350,29,Female,0.7,3.8,4.3,2.3,Premium,Mobile,8.4
U351,38,Female,5.8,5.7,4,1.3,Premium,Laptop,13.6
U352,15,Female,4.2,3.3,4.7,2.6,Free,TV,10.4
U353,34,Male,5.8,4.1,4,2.1,Premium,TV,3.7
U354,23,Male,3.4,5.3,2,2.5,Premium,Laptop,8.8
U355,22,Male,4.9,6.3,1.5,2.5,Free,Laptop,11.7
U356,38,Female,2.6,3,2.2,2.9,Premium,Laptop,6.1
U357,28,Male,2.4,4.4,1.4,3.2,Premium,Mobile,7.1
U358,32,Male,2.6,5,3.7,0.2,Premium,Laptop,2
U359,39,Male,4.1,0.8,4.2,3.8,Premium,Mobile,12.4
U360,35,Male,2.5,5.7,3.4,1.6,Free,TV,7.6
U361,38,Female,5.5,3,1.3,0.7,Free,Mobile,5
U362,15,Female,5.9,4.9,0.7,3.7,Free,Laptop,4.4
U363,26,Male,0.7,3.6,3.1,3.1,Free,Mobile,7.1
U364,19,Female,1.6,5.1,2.6,1.7,Premium,TV,4.7
U365,15,Female,1.1,5.2,1.4,2.4,Free,Laptop,12.8
U366,25,Female,0.7,1.7,2.2,0.9,Free,Laptop,4.7
U367,29,Female,1.8,4.8,2.9,1.7,Premium,TV,6.8
U368,37,Female,3,6,3.3,1.6,Premium,Laptop,3.7
U369,35,Male,5.1,2,2.6,3,Premium,Mobile,3.4
U370,33,Female,1.7,5.4,4.9,1.7,Free,Mobile,4.9
U371,19,Male,3.2,4.6,0.7,3,Free,TV,2
U372,37,Female,5.6,6.7,3.5,3.2,Premium,Laptop,9.2
U373,18,Male,4.2,2.2,4.6,1.5,Premium,Mobile,4.7
U374,34,Male,4.9,1.5,1.6,1.8,Premium,Laptop,7.2
U375,22,Female,3.5,2.5,1.5,2.1,Premium,TV,11.7
U376,23,Male,5.9,2.2,3.9,0,Premium,Laptop,7
U377,28,Female,3.7,5.4,2.7,0.8,Premium,Laptop,11.2
U378,20,Male,0.8,5.3,5,3.4,Free,TV,10.5
U379,15,Male,1.6,4.9,3.2,3,Premium,Mobile,12.3
U380,23,Female,2.7,1.9,4.7,0.3,Free,Mobile,6.8
U381,30,Male,3.8,6.1,0.6,2.5,Free,Laptop,10.9
U382,30,Female,4.7,6.7,1.2,0.1,Premium,Mobile,8.8
U383,36,Male,2.8,4,3.6,2.1,Free,Mobile,8.3
U384,26,Female,4.4,4.7,2.4,0.6,Free,TV,5.2
U385,19,Male,4.8,3.8,4.3,3.4,Premium,TV,8.1
U386,22,Male,2.2,2.3,2.4,2.5,Free,TV,2.7
U387,28,Female,5.9,2.4,3.7,0.3,Premium,Laptop,3.4
U388,25,Female,4.1,2.5,3,2.6,Premium,TV,7.7
U389,35,Male,5.3,1.7,1,3.6,Free,Mobile,5.6
U390,29,Female,3.6,6.4,3.7,2.9,Premium,TV,12.8
U391,32,Male,4.6,6.1,3.7,0.5,Free,Mobile,13.4
U392,34,Male,4.7,3.5,1,2.7,Premium,TV,12.5
U393,18,Male,5.5,2.9,3,2.4,Free,Laptop,2.5
U394,24,Female,1.3,6.6,2,2.5,Free,Mobile,11.8
U395,33,Female,3.6,1.9,2.6,3.2,Free,Laptop,7.5
U396,36,Female,2.9,4.1,2.4,1.2,Premium,Mobile,2.6
U397,17,Male,5.6,0.9,1,1.4,Free,TV,3.4
U398,34,Male,1.1,1.7,1.2,0.8,Premium,Laptop,11.5
U399,36,Male,5.9,4.4,0.9,1.8,Premium,Mobile,7.8
U400,26,Female,5.3,4.8,1.4,1.6,Premium,Laptop,9.1
U401,38,Male,0.9,4.3,4.3,0.3,Free,Mobile,2.2
U402,33,Female,3.2,6.2,0.6,1,Premium,Mobile,2.4
U403,28,Female,4.4,7,2.4,0.5,Free,Laptop,7.1
U404,38,Female,4.6,5.5,4.1,2.2,Free,Mobile,8.1
U405,16,Female,5.5,3.5,1,0.7,Premium,Laptop,3.9
U406,21,Female,4.9,5.9,1.5,1.3,Free,Laptop,6.5
U407,25,Male,2.2,1.3,3.8,3.3,Premium,Laptop,2
U408,36,Male,3.2,4.9,3.4,2.3,Premium,Laptop,3.6
U409,31,Male,4.4,3.9,3,2.1,Free,TV,2.3
U410,31,Male,1.3,1.7,1.3,3.8,Premium,Laptop,12.6
U411,18,Female,1.6,6.8,4.1,1.7,Premium,Laptop,2.7
U412,32,Female,3.1,2.7,1.1,3.5,Free,Mobile,8.7
U413,25,Female,2.1,4.5,1.1,2.3,Free,Laptop,9
U414,24,Male,5.2,6.2,4.1,1.6,Free,Mobile,2.1
U415,27,Male,3.7,3.8,2.2,1.4,Premium,Laptop,9.3
U416,28,Female,2.4,1.2,1.9,3.6,Free,TV,12.2
U417,21,Male,5.2,5.8,1.8,2.3,Free,Mobile,8.9
U418,21,Male,4.9,2.8,2,1,Free,Mobile,4.2
U419,22,Male,6,6.9,2,2.1,Premium,TV,8.6
U420,23,Female,5.2,6.2,3.6,1,Premium,Laptop,10.4
U421,28,Male,2.8,6,1.6,1,Free,TV,10.2
U422,39,Female,1.2,2.8,2,0.5,Premium,TV,9.3
U423,22,Male,5.1,5.4,4,2.8,Free,TV,6.6
U424,31,Female,0.8,6.9,4.6,3.1,Premium,Mobile,3.5
U425,39,Male,2.4,3.9,3.3,1.3,Premium,TV,2.9
U426,37,Male,5.6,3.6,1,1.6,Free,Mobile,9.3
U427,39,Female,5.8,0.6,2.9,3.2,Free,Laptop,6.4
U428,30,Female,4,5.1,3.3,0.1,Free,Laptop,2
U429,23,Female,4.3,6.1,1.9,1.3,Free,Laptop,3.8
U430,18,Male,0.7,2.1,4.2,1.2,Premium,Mobile,10.4
U431,21,Female,3.3,2.5,4,2.2,Free,TV,11.1
U432,32,Male,3.5,3.8,3.1,3.6,Premium,Mobile,9
U433,22,Female,2.4,1,1.2,0.2,Free,Laptop,9.3
U434,35,Male,0.9,1.1,3.6,3.4,Premium,TV,5.3
U435,17,Male,1.8,3.2,4.5,2.2,Premium,Mobile,7.9
U436,31,Male,2.5,2.2,1.6,2.4,Premium,TV,13.3
U437,39,Female,2.9,3.1,4.8,3.8,Premium,TV,6.6
U438,33,Male,3.8,3.5,4,0.5,Premium,TV,9.3
U439,28,Female,4.5,6.8,1.9,1.1,Free,Mobile,6.4
U440,38,Male,2.2,6.6,3.3,0.9,Free,TV,7.4
U441,39,Male,2.3,1.4,1.9,1.9,Premium,Laptop,11.4
U442,19,Male,0.6,6.2,0.9,2.3,Premium,Mobile,6.7
U443,19,Male,0.7,1,4.2,2.9,Premium,Mobile,7.2
U444,27,Female,1.9,3.8,3.5,0.2,Free,Laptop,5.4
U445,32,Male,4.6,1.6,3.3,1.7,Free,Laptop,11.9
U446,38,Male,4,2.9,1.1,3.7,Free,Mobile,5.6
U447,37,Female,4.7,5.3,2.2,1.9,Premium,TV,10.8
U448,35,Male,4.7,3.3,4.4,3.3,Free,Laptop,13.1
U449,16,Female,5.2,5.7,1.2,0.4,Premium,Laptop,11.2
U450,20,Female,4.5,5.2,0.7,1.2,Free,Laptop,12.4
U451,38,Male,5.9,6.6,1.4,2.9,Free,TV,3.7
U452,16,Male,5.4,4,1.6,2.5,Free,TV,6.8
U453,34,Female,3.7,5.7,4,1.8,Premium,Mobile,2.3
U454,36,Female,3.7,2.6,3.4,2.7,Free,TV,8.3
U455,38,Female,0.7,2.7,0.6,3.1,Premium,Mobile,14
U456,34,Female,6,3.1,0.6,3.6,Free,Mobile,8.5
U457,37,Female,1.2,3.2,3.1,1.8,Free,Laptop,12.3
U458,37,Female,4.6,1.2,3.3,2.6,Free,Mobile,13.9
U459,22,Female,5,3.9,1.1,1.5,Free,Mobile,6
U460,24,Female,2.6,1.1,3.2,3.7,Premium,Laptop,7.1
U461,32,Male,1.6,6.3,1.6,1.9,Premium,Mobile,8.6
U462,24,Female,1,0.9,2,1.6,Premium,Mobile,10.8
U463,37,Male,4.6,3.4,2.3,3.8,Free,TV,8.1
U464,15,Male,3,2.4,1,0,Free,Mobile,4.2
U465,34,Female,4.4,1.5,4.8,1.3,Premium,TV,8
U466,39,Female,5.5,5.6,4.9,3.4,Premium,Mobile,10.7
U467,19,Male,1.3,5.1,2.5,1.8,Premium,Laptop,11
U468,32,Male,5.6,1.4,1.7,1.4,Free,Mobile,7
U469,35,Female,2.8,4.6,4.8,2.4,Premium,Laptop,9.3
U470,36,Female,2.2,5.7,4.2,1.6,Premium,TV,13.9
U471,31,Female,5.7,5.5,3.8,1.3,Free,TV,6.1
U472,18,Female,5.9,1.1,2.6,1.1,Free,TV,3.3
U473,25,Male,1.6,5,2.3,1.3,Premium,Laptop,3.7
U474,16,Male,4.1,5.2,4,3.7,Premium,Laptop,11.7
U475,35,Male,1.1,6.1,2.8,3.8,Premium,Laptop,9.7
U476,19,Male,4.1,3.8,3.5,0.4,Premium,Mobile,6.4
U477,19,Male,5.1,3.5,3,2.9,Free,Mobile,2.6
U478,31,Male,4.3,6.8,3.7,2.6,Premium,TV,3.2
U479,31,Male,2.8,5.7,0.9,2.5,Premium,TV,9
U480,30,Female,2.6,4.1,2.2,0.1,Free,Mobile,8.8
U481,25,Female,2.7,2.6,1.3,1.1,Premium,Mobile,8.7
U482,28,Female,3.7,6,1.6,3,Free,Mobile,10.2
U483,23,Female,5.3,3.5,1.4,2,Free,TV,12.2
U484,26,Male,5.6,1.1,2.8,0.1,Premium,Mobile,8.5
U485,35,Male,0.8,3.5,0.6,2.1,Free,Mobile,7.6
U486,21,Female,1.5,6.2,4.8,3.4,Premium,TV,12.7
U487,24,Male,1.1,3.4,2.8,3.5,Free,Mobile,11.5
U488,30,Male,1.6,0.6,0.7,3.6,Premium,Mobile,8.1
U489,18,Male,2.4,4.5,3.6,2.1,Free,Laptop,2.9
U490,34,Male,3.3,7,1.7,1.9,Premium,Mobile,5.5
U491,27,Female,4,5.8,1,1,Premium,Mobile,12.3
U492,33,Female,4.5,4.5,4.2,3.5,Free,TV,9.4
U493,32,Female,5.4,6.4,1.4,3.2,Free,Mobile,2.6
U494,25,Female,5.9,5.8,1,3.5,Premium,TV,11
U495,17,Male,4.1,3.7,0.8,0.9,Premium,Laptop,7.6
U496,16,Female,5.1,4.3,3.8,0.4,Free,Laptop,2.2
U497,26,Male,4.8,5.3,3.4,2.8,Free,Mobile,9.9
U498,18,Female,2.2,6,0.5,3.7,Premium,TV,4.2
U499,27,Male,5.3,0.9,1.5,3.7,Premium,Laptop,3.1
U500,19,Female,0.7,5.5,3.7,2.1,Premium,TV,5.2
U501,16,Male,0.5,3.4,1.2,2.6,Premium,Laptop,4.8
U502,32,Male,2,4.8,3.1,0.4,Premium,TV,10.8
U503,15,Male,3,5.5,1.5,1.1,Free,TV,12.2
U504,22,Male,4,4,2.5,2.2,Free,TV,8.4
U505,39,Male,1.1,1.5,4.4,3.5,Premium,Laptop,6.1
U506,19,Male,4.2,3.2,1.9,1.9,Premium,TV,11
U507,18,Male,4.9,1,3.6,2.4,Free,Laptop,11.1
U508,20,Male,1.5,5,2.5,0.2,Premium,Laptop,5.3
U509,21,Male,2.8,6.7,0.9,3.9,Premium,TV,2.4
U510,18,Female,3.4,5.7,2.1,2,Free,Laptop,12.3
U511,17,Female,3,3,4.3,0.6,Premium,TV,3
U512,23,Female,4.9,4.3,4.9,1.4,Free,Laptop,7.3
U513,16,Female,5.8,2.5,4.3,2.1,Free,Laptop,7.2
U514,19,Female,4.9,4,1.2,0.6,Free,TV,6.6
U515,15,Male,0.9,2.5,2.1,0.8,Free,TV,6.5
U516,39,Female,4.9,5.3,4.2,3.7,Premium,TV,11.7
U517,28,Female,0.9,2.2,3,3.5,Premium,Mobile,2.7
U518,34,Male,1.8,6.8,4,0.5,Premium,Laptop,12.1
U519,24,Female,1.3,4.8,4,1.1,Premium,TV,12.5
U520,36,Female,1.6,0.9,0.8,2.5,Premium,Mobile,11.1
U521,20,Male,3.4,0.6,2,1,Premium,TV,9.6
U522,16,Female,4.2,7,2.7,0,Premium,TV,10.5
U523,22,Female,3.1,1.9,4.8,2.8,Free,Mobile,10.1
U524,23,Male,5.8,2.5,4.5,0.8,Premium,Mobile,10.4
U525,37,Male,1.8,1.9,2.4,1.3,Premium,Mobile,8.8
U526,35,Male,4.7,6.5,0.9,1.1,Premium,Laptop,6
U527,22,Male,5.3,4.7,2.3,0.6,Premium,Laptop,13.7
U528,18,Female,3.6,3.8,2.9,0.5,Free,TV,9.1
U529,36,Female,3,4.1,4.6,0.6,Free,Mobile,5.4
U530,27,Female,3.8,2.6,1.8,3.9,Premium,TV,9.6
U531,18,Male,2.9,4.5,1.9,2.9,Free,TV,10.8
U532,21,Female,3.6,3.2,3.3,3.8,Premium,TV,13
U533,35,Male,2.8,1.8,2.8,2.3,Premium,Mobile,11.7
U534,22,Female,2.7,4.8,1.4,1.3,Premium,Mobile,9.4
U535,34,Male,4.3,2.9,1.2,0.7,Free,Mobile,12.6
U536,15,Female,1,5.6,2.7,1.9,Premium,Laptop,9.9
U537,20,Female,1.4,3.2,4,2,Free,Laptop,3.7
U538,26,Male,5.2,3.8,4,3.1,Free,Mobile,5.6
U539,24,Male,4.7,5.6,4.9,2.1,Premium,Mobile,3.8
U540,34,Male,2,3.4,2.2,0.8,Free,Mobile,3.3
U541,22,Female,2.6,6.8,2.3,3.3,Premium,Laptop,9.2
U542,36,Female,5.6,5.7,0.5,0.6,Free,Laptop,4.3
U543,20,Male,5,5.9,4.2,2.1,Free,TV,13.1
U544,23,Male,3.9,6.7,3.4,0.2,Free,Mobile,9
U545,26,Male,1.7,3,4,1.5,Premium,Mobile,5
U546,29,Male,0.7,4.3,2.6,2.7,Free,Laptop,8.7
U547,15,Female,2.9,5,4.6,0.6,Premium,Laptop,10.5
U548,23,Male,4.2,4.9,0.6,2.1,Premium,TV,7.6
U549,34,Male,5.1,6.7,1,2.2,Free,Mobile,12.9
U550,21,Female,5.2,2.4,2.2,3.6,Premium,Laptop,8.8
U551,25,Female,0.7,2.4,0.9,1.9,Premium,Mobile,8.8
U552,34,Male,1.8,6.5,0.9,0.3,Premium,Laptop,4.5
U553,17,Female,2.4,5.7,3.1,0.6,Premium,TV,3
U554,38,Male,1.5,1.8,1.5,1.1,Free,Mobile,11.2
U555,15,Female,4.9,4.2,3.3,3.2,Free,TV,8.3
U556,34,Female,4.7,5.3,4.7,1,Free,Laptop,7.1
U557,29,Male,3.3,2.8,4.2,2.4,Free,Mobile,11.4
U558,15,Female,5.9,3.3,1.6,0.3,Free,Laptop,6.8
U559,34,Male,1.3,4.2,0.9,0.8,Free,Laptop,9.1
U560,21,Male,5.4,3.5,4.8,2.5,Premium,Laptop,3.4
U561,16,Female,1.1,5.4,5,0.4,Premium,TV,13.8
U562,27,Female,1.4,0.5,2.2,2.9,Premium,Mobile,4
U563,33,Male,4.3,3.3,2.6,1.8,Premium,Laptop,4
U564,28,Female,1.1,2.7,1.2,1.1,Premium,Laptop,7.3
U565,24,Female,3.6,4.5,3.7,3.5,Premium,TV,5.1
U566,19,Female,2.8,5.5,2.4,2.7,Premium,Mobile,9.6
U567,32,Male,4.5,1,4.1,0.3,Free,Laptop,2.2
U568,18,Female,5.5,1.5,3.1,2.7,Free,Laptop,8.4
U569,17,Female,4.7,4.8,0.7,0.8,Free,Mobile,11.8
U570,35,Male,5.2,5.3,2,3.7,Free,Mobile,13.4
U571,28,Female,0.7,4.3,4.1,0.6,Premium,TV,10.9
U572,30,Male,2.2,6.9,3.6,2.5,Free,Laptop,4.2
U573,38,Male,3.3,3.7,3.3,1,Premium,TV,10
U574,19,Male,2.8,1.4,3.5,3.8,Premium,TV,10.1
U575,24,Male,1.8,5,3.2,1.3,Premium,Mobile,7.9
U576,19,Female,2.2,4.4,3.4,2.4,Premium,TV,11.2
U577,32,Male,5.7,4.3,3.3,0.5,Premium,Laptop,11.3
U578,33,Male,2.1,4,2.9,1.9,Free,Laptop,10.5
U579,28,Male,2.4,6.6,3.9,2.4,Free,Laptop,5.1
U580,28,Female,0.5,1.3,2.2,3.1,Premium,Mobile,13.1
U581,38,Male,5.1,1,2.6,2.2,Premium,Mobile,2.6
U582,17,Male,1.4,1.5,2.3,2.8,Free,Laptop,13.7
U583,18,Male,1.6,2.1,1.4,3.4,Premium,Laptop,8.4
U584,24,Male,1.9,4.4,1.9,1.2,Premium,Mobile,9.8
U585,38,Male,5.4,4.5,0.7,1.4,Premium,Laptop,12
U586,37,Male,1.6,2,2,0.1,Premium,Laptop,4
U587,37,Male,4.9,3.7,2.3,2.2,Premium,TV,12.8
U588,27,Male,4.9,3.6,0.9,3.9,Free,Mobile,2.1
U589,30,Male,5.6,3.4,1.5,2.9,Premium,Mobile,13.2
U590,17,Male,1.1,5.7,1.6,4,Free,Laptop,6.9
U591,34,Male,1.7,3.6,1.5,1.8,Premium,TV,13.9
U592,21,Male,4.6,5.4,2.1,3,Free,Mobile,4.8
U593,29,Female,1.6,1.6,1.2,0.6,Free,Mobile,10
U594,31,Female,2.1,4,3.8,1.7,Premium,Mobile,12.2
U595,30,Male,1.4,5.9,2,2.6,Premium,TV,2.3
U596,23,Female,1.4,1.7,1.1,1.8,Premium,TV,2.3
U597,15,Female,3.1,3.5,3.2,0.1,Premium,TV,2.4
U598,25,Female,1.1,4.5,1.3,1.3,Premium,Mobile,2.1
U599,26,Male,2.3,1.7,0.8,2.7,Premium,Mobile,4.6
U600,28,Female,2.8,5.4,1.2,1.6,Free,TV,11.7
U601,22,Female,0.6,1,2.4,1.8,Premium,TV,4.6
U602,21,Male,2.6,6.7,3.6,3.4,Free,TV,6.3
U603,28,Female,1,3.5,3.4,1.1,Premium,Laptop,2.6
U604,36,Female,3.2,2.7,0.5,2.5,Premium,TV,5.7
U605,30,Female,5,1.3,4.1,3.4,Free,Mobile,3
U606,24,Female,5,3.3,2,3.2,Premium,TV,5.4
U607,21,Male,0.9,4.8,3.6,1,Free,TV,8.9
U608,36,Female,3.8,1.1,0.6,0.2,Premium,Laptop,5.2
U609,26,Male,5.1,2.5,2.3,1.1,Premium,Mobile,9.5
U610,33,Female,1.8,5.9,0.6,0.7,Free,TV,9.8
U611,22,Female,4.7,4.7,4.2,0.1,Free,Laptop,8.9
U612,16,Female,5.4,1.8,1.3,1.2,Free,TV,7.4
U613,24,Female,4.9,1.5,3.5,2.1,Premium,Laptop,5.1
U614,17,Female,1.1,6.4,1.7,2.6,Premium,Laptop,3.8
U615,33,Male,0.5,2.4,1.1,1.5,Free,Laptop,7.5
U616,29,Male,1.6,1.7,4.7,0.8,Free,Laptop,9.4
U617,20,Male,2,7,3.2,2.3,Free,Mobile,3.4
U618,37,Female,3.9,2.5,4.5,3,Premium,Laptop,4.6
U619,19,Male,2.6,1.3,1.9,2.8,Free,Mobile,4.1
U620,33,Female,4.4,3.5,4.2,3.4,Free,Mobile,4.8
U621,29,Male,2.4,3.3,4.7,1.1,Premium,TV,3.4
U622,33,Male,1.3,6.5,2.3,2,Free,Mobile,7.1
U623,16,Male,2.2,1.4,4.6,2,Free,TV,5.8
U624,27,Female,5.4,1.1,2,1.3,Premium,Mobile,9.3
U625,15,Male,5.8,1.1,2,2.7,Free,Mobile,12.8
U626,24,Female,1.6,6.4,5,0.5,Premium,Mobile,9.2
U627,31,Male,4.8,3.4,4.8,3.2,Free,Mobile,4.2
U628,17,Female,2,1.5,1.5,0.1,Premium,TV,3.3
U629,23,Female,5.4,4.4,4.3,1.6,Free,Mobile,9.9
U630,34,Female,1.4,4,2,2.4,Premium,TV,11.8
U631,25,Female,4.2,1.8,4.9,1.7,Free,Mobile,5.9
U632,31,Female,1,4.4,4.3,2.6,Premium,Laptop,8.1
U633,39,Female,5.9,2.7,4.6,0.2,Free,TV,11.4
U634,39,Female,4.4,2,3.1,3.5,Premium,Laptop,2.2
U635,16,Female,5.1,3.8,1.8,0.3,Free,TV,10.4
U636,15,Female,3.6,2.4,1.4,1.2,Premium,Mobile,8.1
U637,20,Female,3.1,1.9,2.9,1.2,Premium,TV,10.7
U638,39,Male,3.9,6.2,3.5,0,Free,Mobile,12.5
U639,17,Female,3.4,1.5,3.8,0.4,Free,TV,7.9
U640,30,Male,3.1,2.3,1.3,3.4,Free,Mobile,12.3
U641,18,Male,4.7,3,2.9,3.1,Premium,TV,2.2
U642,29,Female,1.5,2.3,2.5,3,Free,Laptop,9.6
U643,20,Male,1.4,1.9,1.4,2.8,Free,TV,13.8
U644,26,Female,2.9,5.5,3,0.3,Premium,TV,5.5
U645,34,Female,2.3,2.6,1.7,1.2,Premium,TV,10.7
U646,39,Male,0.9,1.2,2.9,0,Free,Mobile,4.7
U647,21,Female,5.1,4,1.4,0.2,Premium,Laptop,13.7
U648,35,Male,4.7,1.3,4.5,0.2,Free,Mobile,7.3
U649,21,Male,3.5,2.8,2,0.8,Free,Laptop,10.1
U650,34,Male,5.9,6.2,3.2,0.2,Premium,TV,8.1
U651,21,Male,0.9,2.9,1,0.1,Premium,Mobile,3
U652,17,Female,4.7,4.6,3.3,1,Premium,Mobile,11.6
U653,21,Female,2,3.8,1.7,3.2,Free,TV,4.9
U654,20,Female,2.5,1.4,4.8,0.2,Free,Mobile,5.3
U655,20,Male,1.7,4.7,2.3,3.9,Premium,Laptop,2.4
U656,28,Female,4.8,6.1,3.2,2.6,Premium,Mobile,8.7
U657,24,Male,1.3,1.1,1.5,3.5,Premium,TV,8.5
U658,19,Male,5.1,5.4,4.4,2.6,Premium,TV,4.2
U659,37,Male,4.1,5,4.1,3.1,Premium,Mobile,10.7
U660,28,Male,0.8,6.1,1.6,1.2,Premium,Laptop,2.6
U661,36,Male,5,1.2,4.6,1,Free,TV,11.4
U662,32,Male,4,2.5,0.7,2.7,Premium,Laptop,13.9
U663,18,Female,5.5,5,3.9,2.3,Premium,Mobile,3.9
U664,28,Female,4.6,0.6,2.6,2,Premium,TV,5.8
U665,34,Female,3.6,5.3,4.3,0.7,Free,Mobile,5.5
U666,23,Male,5.1,6.1,2.6,0.9,Premium,Laptop,8.5
U667,36,Male,2,3.4,0.8,2.2,Premium,Laptop,3.2
U668,28,Female,3.5,3.3,1.5,1.6,Free,Laptop,8
U669,20,Female,2.1,2.3,5,3.9,Premium,TV,12.8
U670,37,Female,5.8,0.5,2,2.2,Premium,TV,7.4
U671,31,Male,1.7,1.7,1.2,1.7,Premium,TV,10.1
U672,29,Female,0.6,6.9,4.1,3.8,Free,Laptop,12
U673,38,Female,2.3,6.1,0.7,0.4,Premium,TV,10
U674,20,Male,3.3,2.2,0.8,1.1,Premium,Laptop,5.7
U675,16,Male,0.7,6.8,1.8,1.4,Premium,TV,5.9
U676,20,Female,3.6,2.9,0.7,3.4,Free,Mobile,9.9
U677,21,Female,5.3,2.4,5,3.1,Free,Mobile,4
U678,27,Male,4.4,1.5,3.6,1.2,Premium,Laptop,2.5
U679,25,Male,3.9,6.4,2.8,3.5,Premium,Laptop,2.3
U680,37,Male,5.8,6.9,4.1,0.3,Premium,Mobile,6.4
U681,29,Male,5.8,2.6,3.5,2,Premium,Laptop,11.1
U682,23,Female,5,5.1,1.3,2.6,Free,Laptop,10.7
U683,22,Female,3.8,2.7,1.5,1.2,Premium,TV,7.4
U684,28,Female,3.2,1.2,4.4,0.3,Free,TV,5.4
U685,20,Female,0.6,3.1,2,1,Premium,TV,2.6
U686,30,Female,3.8,4.1,2.5,1.9,Premium,Laptop,2.2
U687,25,Male,5.9,1.3,2.3,1.3,Premium,TV,2.1
U688,18,Male,5,5.8,0.7,1.7,Premium,TV,8.8
U689,25,Female,2.4,3.7,3.7,0.4,Free,TV,12.8
U690,33,Male,1.3,2,2.9,0.1,Premium,Laptop,12.3
U691,18,Female,4.8,4.4,3.5,3.5,Free,TV,4.1
U692,29,Female,4.6,5.7,1.8,0.3,Premium,TV,6.1
U693,33,Female,5.8,2.6,2.3,1.2,Premium,Laptop,4.9
U694,20,Female,5.3,5.1,1.4,2.7,Free,Laptop,6.7
U695,19,Male,3.6,3.3,2.4,3.4,Free,TV,6.3
U696,32,Female,1.1,6.8,3.4,1.3,Premium,Laptop,7.7
U697,20,Female,3.2,5.5,4.8,2.6,Premium,TV,13.8
U698,39,Female,2.2,2.8,3.5,1.9,Free,Mobile,11.4
U699,18,Male,3.3,0.6,2.9,0.2,Free,Mobile,13
U700,20,Female,2.2,4.8,2.4,1.6,Free,Laptop,2.1
U701,23,Male,5.2,1.8,1,0.1,Free,Mobile,8.2
U702,19,Male,5.1,1.3,2.6,3.9,Premium,TV,12.4
U703,32,Female,2.2,6.6,1.2,3,Free,Laptop,10.6
U704,38,Male,3.8,7,3.1,1.4,Free,Laptop,5.6
U705,39,Male,2.9,2.3,3.8,0.9,Premium,Laptop,10.3
U706,16,Female,5.5,2.5,4.8,1.6,Premium,TV,8.7
U707,33,Female,1.5,1.6,1.8,1.3,Premium,Laptop,10.5
U708,16,Male,4.3,3.5,2.3,1.5,Free,TV,7.7
U709,29,Female,5.8,6.1,1.3,3.7,Premium,Mobile,13.5
U710,32,Male,1.5,5.1,4.5,1.6,Free,Laptop,13.9
U711,22,Female,1.6,6,4.2,3,Premium,Mobile,13.8
U712,36,Female,4.3,2,4,0.6,Free,TV,8.1
U713,26,Female,4.8,5.2,0.8,2.1,Free,Mobile,11.9
U714,29,Male,3.2,6.5,3,2,Premium,Laptop,13.3
U715,31,Male,3.9,2.3,1.6,2.4,Free,Mobile,12.5
U716,35,Male,1.7,5,1,2.7,Free,Laptop,8.4
U717,16,Female,3.1,3.1,4,3.4,Premium,Mobile,13.9
U718,32,Male,1.1,2.4,1.5,0.9,Premium,Mobile,5.5
U719,27,Female,2.3,6.8,2.8,1.5,Premium,Mobile,13.6
U720,37,Female,2.1,2.8,2.9,0.2,Free,Mobile,5.7
U721,29,Male,2.9,1.2,1.5,2.5,Premium,Laptop,8.9
U722,37,Female,5.6,3,2.7,3.7,Free,Mobile,2.8
U723,15,Male,1.5,3.4,0.7,1.6,Premium,Mobile,12.5
U724,17,Female,2.7,5.4,0.5,3.9,Premium,Mobile,9.2
U725,34,Male,3.9,6.7,4.5,2.4,Free,Laptop,6.8
U726,38,Female,5.7,5.8,2.4,0.8,Free,Mobile,2.8
U727,29,Female,1.2,6.6,4.6,2.1,Free,Mobile,10.8
U728,33,Male,5.5,3.6,2.7,2.6,Premium,Laptop,7.2
U729,26,Male,0.9,5.2,2.4,2.7,Premium,Mobile,11.4
U730,35,Female,3.1,2.5,1.8,2.6,Premium,TV,11.3
U731,24,Male,3,1,0.9,0.8,Free,Mobile,12.2
U732,29,Female,1.7,2.9,1.9,0.8,Premium,TV,7.3
U733,15,Female,2.4,5,3.2,1,Premium,Mobile,3
U734,27,Female,3,2.3,3.9,2.9,Free,Mobile,9.2
U735,37,Female,5.3,6.1,2.9,2,Premium,Laptop,10.3
U736,24,Female,5.8,5.6,3.9,2.7,Free,TV,7
U737,33,Male,3.4,1.8,1.2,3.2,Premium,Mobile,12.3
U738,19,Male,5.3,2.7,3.1,2.3,Premium,Mobile,12.8
U739,22,Male,3.8,5.9,4.5,1.9,Free,Mobile,13.1
U740,18,Female,2.4,2.1,1.5,1.6,Premium,Mobile,12.4
U741,31,Male,1.6,2.7,1.5,2.1,Premium,Mobile,12.2
U742,27,Male,2.8,2.7,3.9,0.6,Free,TV,10.8
U743,20,Male,3.4,5.7,4.2,3.1,Premium,Laptop,6.8
U744,35,Female,0.7,0.7,1.6,3.7,Free,Laptop,4.4
U745,28,Male,1.3,1,2,3.2,Free,TV,5.7
U746,31,Male,3.8,4.3,3.3,3.3,Premium,Laptop,3.4
U747,28,Male,1.7,3.1,2.3,3.3,Premium,Laptop,9.9
U748,33,Female,5.1,4.6,3.3,0.7,Free,TV,2.8
U749,34,Male,2.3,2.2,2.7,4,Premium,Laptop,6.4
U750,32,Female,1.1,6.4,4,2.6,Premium,Mobile,4
U751,22,Female,1,5.4,4.3,1.7,Free,Laptop,5.2
U752,32,Male,5.7,0.9,4.4,3.6,Premium,Laptop,11.9
U753,29,Female,1.1,5.6,3.3,2.3,Premium,Mobile,9.2
U754,18,Male,1.3,6.8,3.3,4,Free,TV,4.6
U755,25,Female,5.2,6.6,2.5,3,Free,Mobile,5.5
U756,35,Male,1.9,5.3,0.6,1.5,Free,TV,3.1
U757,25,Male,4.2,1.3,1.8,3,Free,Mobile,2.6
U758,16,Female,5,4.2,0.8,2.9,Free,TV,7.7
U759,38,Male,3.8,2.3,2.5,1.3,Premium,Mobile,8.6
U760,35,Female,5.8,6.8,4.3,3.5,Free,Mobile,9.2
U761,31,Male,4.4,5.2,3.2,0.6,Free,Mobile,11
U762,25,Female,1.1,4.5,3.5,1.5,Premium,TV,4.4
U763,33,Female,3.6,5,1.3,2.5,Free,TV,8.3
U764,38,Female,4.5,3.3,1.7,1.9,Premium,TV,8.4
U765,35,Female,4.9,2.9,1.2,2.7,Premium,Laptop,4.4
U766,31,Female,0.6,6.6,4.3,4,Free,Laptop,8.3
U767,17,Male,4.5,2.7,1.8,0.3,Premium,Mobile,10.8
U768,21,Male,5,0.8,3,3,Premium,Mobile,3.2
U769,24,Female,4.6,3.1,1.1,3.3,Free,Mobile,10.9
U770,17,Male,3.3,5.6,1.1,1.1,Free,Mobile,7.9
U771,35,Male,3,4.7,2.1,1,Free,Mobile,5.5
U772,27,Female,3.5,6.8,2,1.8,Premium,Laptop,4.7
U773,24,Female,4.4,1.2,2,1.6,Free,Mobile,6.8
U774,36,Female,5.6,6.4,3.2,2,Premium,Laptop,6.8
U775,19,Female,3.9,2.9,1.9,0.8,Free,Laptop,5.4
U776,19,Male,5.4,3.6,4,2,Free,Mobile,10
U777,24,Male,4.4,3.3,0.9,3.3,Free,TV,6.5
U778,25,Female,0.9,1.3,2,3.5,Free,Laptop,3.6
U779,27,Male,3.3,2.1,3.5,2.7,Premium,Laptop,9
U780,23,Male,2.1,5.3,3.2,1.2,Free,TV,4.1
U781,16,Female,2.1,0.6,1,3.5,Free,Laptop,3.4
U782,20,Male,2.5,1.4,2.5,1.7,Premium,TV,13.1
U783,22,Male,2.2,0.7,1.9,0.9,Premium,Mobile,6.9
U784,15,Female,3.7,6.1,3.3,0.5,Premium,Mobile,9.4
U785,16,Male,4.3,4.5,1.1,3.8,Premium,Mobile,3
U786,18,Male,2,1.6,3.5,0.4,Free,Laptop,5.8
U787,33,Male,1.2,5.5,2.6,2.1,Free,TV,10.5
U788,39,Female,0.8,6.8,1.7,0.8,Premium,TV,6.3
U789,33,Female,3.7,6.6,3.9,3.5,Free,Laptop,11.1
U790,35,Male,1.5,6.5,1.3,0.8,Premium,TV,8.9
U791,23,Female,0.6,0.6,1.2,2.9,Free,Laptop,5
U792,33,Male,5.6,4.3,0.6,0.7,Premium,Laptop,13.7
U793,39,Female,3.5,2.2,4.4,3.8,Premium,Laptop,6
U794,22,Male,1,4.2,2.7,2.7,Free,Mobile,7.2
U795,25,Female,5.1,2.6,2.8,1.7,Free,TV,3.9
U796,39,Male,5.9,1.5,1,3.8,Free,TV,4.3
U797,33,Male,3,3.4,1,2.1,Premium,Laptop,11.4
U798,18,Female,0.7,3.7,2,1.5,Free,Mobile,12.4
U799,27,Male,1.1,6.9,2.8,0.6,Free,Laptop,9.2
U800,34,Male,2.6,0.8,3.7,2.9,Premium,Laptop,13.4
U801,28,Female,5.4,2.5,2.7,2.4,Premium,Laptop,11.4
U802,37,Female,1.3,6,4.2,0.9,Free,TV,7.3
U803,15,Male,5,4.8,2.2,1,Free,TV,6.1
U804,25,Male,0.6,5.9,0.6,0.9,Free,Mobile,2
U805,18,Male,3,4.8,2.4,2,Free,Laptop,13.2
U806,21,Female,4,5.4,0.9,0.2,Free,Laptop,12.4
U807,18,Female,0.8,3.7,1.9,1.2,Free,TV,12
U808,21,Male,3.9,1.8,4.9,2.9,Premium,Laptop,4.8
U809,34,Male,5.7,5.8,4.4,2.5,Free,Mobile,12.5
U810,17,Male,1.4,4.2,1.6,3.3,Premium,Mobile,5
U811,33,Male,4.5,1.4,2.2,3,Premium,Mobile,13.5
U812,33,Female,3.9,5.7,2.4,0.1,Free,Laptop,11.3
U813,21,Male,1.5,6.7,3.9,2.3,Premium,TV,8.7
U814,35,Male,0.5,2.8,0.7,1.8,Free,TV,6.9
U815,26,Female,0.6,2.4,0.7,1.4,Premium,Laptop,5.1
U816,37,Female,3.4,1,1,4,Premium,Laptop,6.9
U817,15,Female,5.7,4.8,3.3,2.6,Free,TV,8.1
U818,19,Female,4,6.7,2.4,1,Free,Mobile,6.1
U819,28,Male,4.4,1.4,4.3,2.1,Free,Mobile,2.3
U820,24,Male,3.2,3.7,1.8,0.4,Free,Mobile,3.8
U821,17,Female,3.7,1.1,2.7,3,Premium,Mobile,3.8
U822,16,Female,1.2,0.7,3.7,1.4,Free,Laptop,13
U823,27,Male,5.3,4.8,3,0.7,Premium,Mobile,7.1
U824,30,Male,4.7,6.1,1.9,0.6,Free,TV,10
U825,37,Male,6,2.7,1.2,0.1,Free,TV,8.5
U826,16,Female,2.1,6.2,2.9,3.1,Free,TV,4.4
U827,38,Female,1.7,1.3,1.1,2.9,Free,TV,4.1
U828,27,Female,1.2,2,4.7,1.9,Premium,Mobile,12.2
U829,20,Male,5.8,6.4,2.9,1.2,Free,TV,5.3
U830,21,Male,4.8,3.8,1.3,1.6,Premium,Mobile,11.1
U831,16,Male,1.4,4.5,3.7,3.5,Premium,Mobile,9.1
U832,25,Female,3.5,0.7,1,0.5,Premium,Laptop,4.8
U833,21,Female,2.8,1.3,4,0.1,Free,TV,9.4
U834,21,Male,1.3,0.9,2.6,0.9,Premium,Mobile,6.5
U835,21,Male,1.4,6.4,1.1,2.1,Premium,Mobile,6.9
U836,21,Female,5.8,1.4,0.7,0,Premium,TV,10.9
U837,26,Female,2.2,6,5,0.4,Free,TV,6.1
U838,33,Female,5.7,2.8,1.7,2.8,Free,TV,12.3
U839,36,Male,0.9,5.7,4.8,1.8,Free,TV,12.5
U840,33,Male,3,2.9,2.8,3.8,Free,Laptop,7.9
U841,33,Female,1.2,2.2,2.8,3.6,Premium,Mobile,9.1
U842,34,Male,0.5,1.1,0.9,1.1,Premium,Mobile,13.6
U843,17,Female,3.5,2.3,4.8,1.5,Premium,TV,6.3
U844,27,Male,1.1,3.6,3.8,3.7,Free,Mobile,6.9
U845,24,Male,4.5,5.8,2.8,2.3,Free,Mobile,5.3
U846,34,Male,4.3,3.4,1,1.5,Free,Laptop,4.3
U847,23,Female,1.5,6.8,1.3,3.2,Free,Laptop,4.5
U848,20,Male,5.7,4,2.4,3.7,Free,Mobile,8
U849,35,Female,4.5,0.7,2.1,2.7,Premium,Laptop,5.1
U850,36,Male,2.1,3.2,3,0.9,Free,TV,7
U851,26,Female,4.4,5,0.8,3.3,Free,Laptop,13.1
U852,16,Female,4.5,2,0.7,1.7,Premium,Laptop,11.6
U853,26,Female,2.4,5,2.8,2.8,Premium,TV,12.7
U854,30,Female,2.6,3.8,0.6,1.9,Free,TV,9.2
U855,27,Female,2.5,0.7,0.8,3.8,Free,Laptop,7.1
U856,30,Male,3.9,5.5,2.2,0.3,Premium,Laptop,12.1
U857,27,Male,5.5,4.1,0.8,0.6,Free,Laptop,5.6
U858,36,Female,1.5,1,2.2,0.8,Free,Laptop,10.1
U859,39,Female,5.3,3.6,1.6,0.9,Premium,TV,4.2
U860,33,Female,0.7,2.4,1.3,0.9,Premium,Mobile,9.1
U861,28,Male,4.1,6.2,2.3,0.6,Premium,Mobile,6.8
U862,27,Female,2.8,2.4,1,2.8,Premium,TV,6.5
U863,24,Male,4.9,6.6,2.1,0.9,Premium,Laptop,7.5
U864,36,Female,4.5,4,2.5,0.9,Premium,Laptop,13.2
U865,21,Male,3.1,2.6,4.2,0.8,Free,Mobile,3
U866,19,Female,4,5.8,4.7,1.6,Free,Mobile,5.7
U867,31,Male,3.3,5,1.9,3.8,Premium,Laptop,4.2
U868,23,Male,5,3.2,1.8,1.5,Premium,TV,9.4
U869,20,Female,3.1,4.6,3,1.2,Free,TV,6.2
U870,30,Female,3.4,5.6,1.1,0.3,Premium,TV,6.4
U871,20,Female,1.9,6,2.1,1.4,Free,Laptop,7.6
U872,20,Female,3.8,5.8,0.7,0.9,Premium,Laptop,4.8
U873,32,Male,2.2,1.6,2.2,3.1,Premium,Laptop,13.3
U874,15,Male,3.7,5.9,1,0.4,Premium,Laptop,13.1
U875,31,Male,1.4,0.9,3,0.6,Free,Mobile,2.8
U876,31,Male,1.4,1.8,3.4,1.1,Premium,TV,8.1
U877,15,Male,2.8,4.5,4.9,1.2,Free,Mobile,4.1
U878,25,Male,2.8,1.2,1.4,3.4,Free,Laptop,13.9
U879,27,Female,2,4.4,1.4,3.2,Premium,Mobile,10.8
U880,15,Male,1.2,2.5,4.8,2.3,Free,Mobile,13.4
U881,22,Male,0.7,3.3,4.4,1.2,Premium,Mobile,12.3
U882,37,Male,0.6,2.5,3.3,1.3,Premium,TV,9.7
U883,34,Female,2,1,4.3,2.4,Free,Laptop,13.4
U884,20,Male,3,3.8,1.4,3,Premium,Laptop,7.2
U885,19,Female,4.5,6.8,4.4,1.5,Premium,TV,6.8
U886,34,Male,3.1,4.5,4.4,2,Free,TV,3.8
U887,19,Male,5.5,2.5,1.6,3.6,Free,TV,11.5
U888,20,Female,0.7,6.7,2.8,2.6,Free,TV,13.1
U889,27,Male,1.5,3,4.7,2.1,Free,Laptop,10.9
U890,32,Male,2.4,5,3.6,0.3,Premium,TV,5.6
U891,34,Female,3.7,4.6,3.5,0.7,Premium,Laptop,8.4
U892,27,Female,5.2,6.7,3,0.8,Free,TV,5.9
U893,21,Male,2.4,6.4,1.7,2.5,Free,Laptop,4.2
U894,22,Male,2,1.5,4.9,0.4,Free,Mobile,9.9
U895,35,Female,0.8,1.1,2.5,0.1,Premium,Mobile,10.7
U896,31,Female,5,5.8,1.9,1.4,Free,TV,9.8
U897,15,Female,2.6,6.4,3.8,2.9,Free,TV,2.4
U898,38,Female,3.6,3.7,3.2,2.8,Premium,Laptop,13
U899,30,Male,5.9,5,2,3.2,Premium,Laptop,6.3
U900,25,Male,0.5,1,1.9,2.8,Premium,Mobile,9.4
U901,18,Female,1.3,1.9,1.5,2.5,Premium,Laptop,11.8
U902,18,Male,4.8,1.5,0.9,1.9,Free,TV,8.7
U903,31,Female,4.9,4.4,3.3,0.8,Premium,Laptop,12.2
U904,31,Female,4.7,1.8,2.8,2.3,Free,Mobile,6.9
U905,24,Male,3.5,0.9,1.6,2.5,Free,Mobile,6.3
U906,35,Female,5.9,2.5,0.7,0.5,Free,Mobile,9.3
U907,35,Female,2.7,4.9,0.6,2.3,Free,Laptop,6.1
U908,20,Male,3.8,4.3,3.8,0.4,Free,Mobile,4.4
U909,39,Male,0.8,2.6,1.3,2.2,Free,TV,5.6
U910,39,Female,2.8,5.9,1.7,0.6,Free,TV,6.4
U911,31,Male,4.5,2.3,0.6,0.5,Free,Mobile,7.2
U912,32,Male,1.8,2.2,1.2,0.5,Premium,Laptop,5.9
U913,36,Male,5.7,4.1,4.4,3.6,Premium,TV,4.1
U914,24,Male,4.3,3.6,1.6,2.4,Free,Mobile,9.5
U915,27,Male,2.1,3.4,4.8,1,Free,Laptop,9.2
U916,30,Male,4.7,1.5,1.2,0.3,Free,Mobile,4.2
U917,21,Female,1,3.8,1.6,2.1,Free,Mobile,6.3
U918,29,Male,5.9,2.2,4.4,0.6,Free,Laptop,10.5
U919,16,Female,0.8,3,2.4,3.1,Premium,Laptop,11.9
U920,19,Female,5.6,5.3,1.7,2,Free,Laptop,6.7
U921,31,Female,1.9,6.6,3.6,2.9,Premium,Laptop,8.1
U922,19,Male,4.7,5.5,0.7,1.6,Premium,TV,6.8
U923,22,Male,0.5,3.1,4.5,2.8,Premium,Mobile,13.2
U924,38,Female,1.9,4.4,4.3,2.7,Free,Laptop,12.6
U925,29,Female,4.6,5.4,0.9,2.2,Free,Laptop,13.5
U926,22,Female,3.4,3.2,4.1,3.4,Free,Mobile,5.6
U927,37,Female,1.1,2.8,4.8,2.3,Premium,Mobile,4.6
U928,17,Male,2.7,1.4,2.7,2.3,Premium,Laptop,13.7
U929,37,Female,2.6,5.3,3.1,1.2,Premium,TV,9.8
U930,31,Male,3.6,6,3.6,3.7,Free,Laptop,5.1
U931,30,Female,4.2,2.6,1.7,2.1,Premium,TV,2.2
U932,30,Male,5.1,5.6,3.4,1.6,Free,TV,7.4
U933,33,Male,3.2,4.5,2.6,2.2,Free,Laptop,13.6
U934,26,Female,2.7,5.6,2.3,0.6,Premium,Laptop,4.7
U935,38,Female,1.3,3.2,4.6,1.1,Premium,TV,7
U936,29,Female,4.9,5.4,4.1,1.2,Free,Laptop,6.7
U937,22,Female,4.4,3.2,4.7,2.1,Free,Mobile,8.6
U938,17,Male,2.7,1.1,4.3,2.8,Premium,Laptop,9.3
U939,37,Male,3.4,4.1,0.7,1.1,Premium,Laptop,11.1
U940,32,Male,4.2,3.5,3.2,0.5,Premium,Laptop,12.9
U941,18,Male,1.4,2.1,3.6,2.2,Free,Laptop,7.5
U942,22,Male,0.6,6.3,3.5,3.4,Free,Mobile,13.7
U943,28,Female,2.2,3,1.7,1.7,Premium,TV,9.6
U944,31,Male,3.8,0.8,2.4,1.9,Free,Mobile,2.1
U945,20,Female,3.2,3,0.7,1.2,Premium,Mobile,9.5
U946,19,Male,4.3,3.3,0.9,3.2,Free,Laptop,5.8
U947,36,Male,5,6.1,3,0.5,Premium,Laptop,9.5
U948,28,Female,3.2,5.7,3.1,0.7,Premium,Laptop,7.6
U949,20,Male,1.2,1.8,1.4,4,Premium,Mobile,12.7
U950,34,Male,5.2,6,2.5,2.7,Premium,Laptop,7.1
U951,26,Female,3.7,2.1,2.6,2.2,Free,Laptop,5.6
U952,23,Male,4.6,2.7,0.6,3.2,Premium,Mobile,2.4
U953,15,Female,4.4,1,1.1,4,Free,TV,2.3
U954,32,Male,5.8,0.9,3.3,0.8,Free,Mobile,12.6
U955,20,Female,2.1,4.9,5,3.2,Free,Laptop,8.7
U956,19,Male,4.4,6.5,3.4,1.4,Premium,TV,7.3
U957,16,Male,2.5,3.7,1,2.9,Free,Laptop,11.1
U958,20,Female,2.7,6,4.2,2.8,Premium,Mobile,10.5
U959,31,Female,1.8,5.7,2.4,4,Premium,TV,12.4
U960,21,Male,2.4,4.8,0.9,0.4,Free,Laptop,12.5
U961,39,Male,5.7,6.9,3.2,0,Free,Mobile,6.8
U962,23,Male,2.1,5.7,1.5,3,Premium,Laptop,9.2
U963,37,Male,1.9,2.3,2.4,2.3,Free,Laptop,13.1
U964,34,Male,3.7,5.6,1.9,2.8,Free,Mobile,2.5
U965,19,Female,1.9,5,3.4,3,Free,TV,2.9
U966,35,Female,3.1,3.1,2.4,2,Free,TV,10.1
U967,25,Male,5.1,1,1,1.4,Premium,TV,10.3
U968,25,Female,1.8,1.9,1.5,3.1,Free,Mobile,5.5
U969,18,Female,2.8,5.7,2.8,1.5,Free,Mobile,8.3
U970,37,Male,3.9,2.1,4.1,2.5,Free,Mobile,2
U971,20,Male,3.5,7,0.5,3.6,Premium,Laptop,5.4
U972,24,Male,5.9,5,3.3,0.6,Free,Mobile,9.2
U973,23,Female,4.2,3.6,1,0,Premium,TV,6.5
U974,32,Male,4.6,4.2,3.2,1,Premium,Laptop,7.9
U975,34,Female,5.8,4.5,4.3,3.2,Premium,Laptop,13.2
U976,23,Female,2.8,6.8,1.5,2.3,Free,TV,2.7
U977,25,Female,2.5,1.6,2.7,3.8,Premium,TV,8.1
U978,16,Female,0.7,2.3,4,2.2,Premium,TV,9
U979,29,Female,1.5,5.1,1.3,1.1,Premium,Laptop,9.9
U980,20,Female,1.8,2.1,1.2,3.1,Free,TV,10.9
U981,39,Female,1.5,6.2,4.6,2.6,Free,TV,3.8
U982,31,Female,4.7,2.8,3.6,3.3,Premium,Mobile,13.1
U983,18,Female,3.4,1.7,3.8,2.7,Free,Laptop,7
U984,22,Male,4.2,0.8,4.3,1.8,Free,Laptop,7.9
U985,16,Female,5,4.4,2.9,1.1,Free,TV,9.9
U986,38,Female,1.8,5.9,2.7,0.2,Free,TV,8.4
U987,23,Female,2.3,2.3,3,1.2,Premium,Mobile,7.1
U988,15,Female,4.4,6.5,3.7,0.2,Free,Laptop,10.1
U989,38,Male,2.7,5.4,2.3,1.7,Premium,Laptop,10
U990,20,Male,0.7,0.9,0.9,0.9,Free,Mobile,4.7
U991,30,Male,2.9,4.2,1.1,2.8,Premium,TV,7.1
U992,21,Male,5.5,4.2,4.9,0.9,Premium,Laptop,2.2
U993,39,Female,2.7,1.8,0.7,0.3,Premium,Mobile,7.5
U994,38,Female,2.3,2.7,3.7,3.4,Premium,TV,12.7
U995,30,Female,5.9,3.5,4.7,0.2,Free,Laptop,9.7
U996,20,Male,4,0.8,1.1,3,Free,Mobile,12.7
U997,24,Female,2.5,1.5,3.8,3.7,Premium,Mobile,2.1
U998,32,Male,1.1,1.6,1.9,0.4,Free,TV,11.3
U999,31,Male,4.8,3,1.6,2.2,Free,Laptop,11.4
U1000,31,Female,4.4,5.4,4.3,1.8,Premium,Mobile,6.7
